"idsec";"ZONAGE_SEC"
"IDF_7705";1
"IDF_7707";1
"IDF_7706";1
"IDF_7713";1
"IDF_7709";1
"IDF_9414";2
"IDF_9406";2
"IDF_7810";1
"IDF_7816";2
"IDF_9405";2
"IDF_7813";1
"IDF_9113";2
"IDF_7710";2
"IDF_9210";2
"IDF_9404";2
"IDF_7812";2
"IDF_9410";2
"IDF_7815";1
"IDF_9411";2
"IDF_9102";1
"IDF_9103";1
"IDF_9114";1
"IDF_7814";1
"IDF_7715";1
"IDF_7714";1
"IDF_7716";2
"IDF_7712";1
"IDF_9108";2
"IDF_9106";2
"IDF_9101";2
"IDF_9112";2
"IDF_9111";2
"IDF_9107";2
"IDF_9105";2
"IDF_9109";2
"IDF_9104";2
"IDF_9110";2
"IDF_7711";1
"CAEN_220";1
"CAEN_217";1
"CAEN_214";1
"CAEN_212";2
"CAEN_218";2
"CAEN_213";2
"CAEN_215";1
"CAEN_221";1
"CAEN_222";1
"CAEN_216";1
"CAEN_204";1
"CAEN_211";2
"CAEN_210";2
"IDF_9513";1
"IDF_7801";2
"IDF_9502";2
"IDF_7811";2
"IDF_7802";2
"IDF_9504";1
"IDF_9509";2
"IDF_7804";2
"IDF_9207";2
"IDF_7803";2
"IDF_7807";2
"IDF_7808";1
"IDF_9501";2
"IDF_7806";1
"IDF_7805";2
"IDF_7809";1
"IDF_7703";1
"IDF_7708";2
"IDF_7702";2
"IDF_9510";2
"IDF_9505";1
"IDF_9506";2
"IDF_9507";2
"IDF_9402";2
"IDF_9311";2
"IDF_7505";3
"IDF_9312";2
"IDF_7507";3
"IDF_7513";3
"IDF_7506";3
"IDF_7504";3
"IDF_9205";2
"IDF_7512";3
"IDF_9403";2
"IDF_7510";3
"IDF_9209";2
"IDF_7511";3
"IDF_9511";2
"IDF_7509";3
"IDF_7501";3
"IDF_9201";2
"IDF_9203";2
"IDF_9508";2
"IDF_9212";2
"IDF_9204";2
"IDF_9202";2
"IDF_7503";3
"IDF_9206";2
"IDF_9211";2
"IDF_9512";2
"IDF_7502";3
"IDF_9208";2
"IDF_7508";3
"IDF_9307";2
"IDF_9310";2
"IDF_9303";2
"IDF_9304";2
"IDF_9309";2
"IDF_9302";2
"IDF_9409";2
"IDF_9407";2
"IDF_9306";2
"IDF_9305";2
"IDF_9408";2
"IDF_9412";2
"IDF_7514";3
"IDF_9308";2
"IDF_9413";2
"IDF_9503";1
"IDF_7704";1
"IDF_7701";2
"LYON_515";1
"STRASBOURG_002";1
"RENNES_071";1
"NANCY_154";1
"LYON_504";1
"NANTES_205";1
"MARSEILLE_136";1
"NANCY_144";1
"SAINT ETIENNE_036";1
"CLERMONT FERRAND_208";1
"GRENOBLE_510";1
"ANGERS_020";1
"GRENOBLE_603";1
"LYON_701";1
"STRASBOURG_055";1
"NANCY_160";1
"CAEN_209";1
"RENNES_082";1
"LA ROCHELLE_017";1
"LYON_252";2
"TOULOUSE_055";2
"CAEN_228";1
"SAINT ETIENNE_043";1
"QUIMPER_017";1
"STRASBOURG_004";1
"NANTES_233";1
"RENNES_062";1
"CAEN_227";1
"NICE_081";1
"NANTES_214";1
"CAEN_202";1
"TOULOUSE_041";2
"LILLE_132";2
"LYON_707";1
"MARSEILLE_079";1
"NANCY_166";1
"LYON_517";1
"NICE_057";2
"RENNES_083";1
"STRASBOURG_063";1
"NANTES_040";2
"MARSEILLE_132";1
"NANTES_102";1
"ANGOULEME_013";2
"CLERMONT FERRAND_202";1
"RENNES_046";1
"CAEN_205";1
"BORDEAUX_065";1
"LYON_307";1
"NICE_076";2
"ANGOULEME_004";2
"MONTPELLIER_070";2
"LYON_304";1
"LYON_703";2
"LYON_506";1
"GRENOBLE_701";1
"NICE_072";1
"GRENOBLE_801";1
"CLERMONT FERRAND_120";1
"STRASBOURG_054";1
"BORDEAUX_043";2
"GRENOBLE_805";1
"TOULOUSE_060";1
"LYON_513";2
"NANCY_145";1
"LYON_510";1
"LYON_505";1
"LA ROCHELLE_014";2
"GRENOBLE_127";2
"TOULOUSE_058";1
"LILLE_133";1
"LYON_507";1
"LYON_610";1
"GRENOBLE_601";1
"STRASBOURG_061";1
"NANTES_222";1
"STRASBOURG_058";1
"RENNES_053";1
"BORDEAUX_067";2
"NICE_083";2
"NANTES_211";1
"LYON_702";1
"RENNES_074";1
"CLERMONT FERRAND_205";1
"STRASBOURG_052";1
"QUIMPER_008";2
"NANTES_048";2
"CAEN_230";1
"NANCY_147";1
"MONTPELLIER_064";1
"NANTES_126";1
"RENNES_073";2
"CLERMONT FERRAND_213";1
"MONTPELLIER_080";1
"STRASBOURG_067";1
"RENNES_069";1
"CLERMONT FERRAND_127";1
"NANCY_167";1
"CAEN_233";1
"STRASBOURG_066";1
"QUIMPER_002";1
"LILLE_126";2
"STRASBOURG_001";1
"MARSEILLE_073";2
"CAEN_224";1
"CLERMONT FERRAND_123";1
"MARSEILLE_071";2
"NICE_080";1
"MARSEILLE_050";2
"NANTES_208";1
"RENNES_038";1
"LYON_511";1
"LYON_253";1
"BORDEAUX_061";1
"CAEN_225";1
"TOULOUSE_043";2
"GRENOBLE_901";1
"MARSEILLE_134";2
"CAEN_232";1
"RENNES_049";1
"NANCY_139";1
"NANTES_101";1
"STRASBOURG_057";1
"LILLE_154";2
"GRENOBLE_205";1
"MARSEILLE_112";2
"CAEN_201";1
"NICE_069";1
"NANTES_201";1
"VALENCIENNES_017";2
"NANTES_202";1
"RENNES_061";1
"MONTPELLIER_079";1
"GRENOBLE_903";1
"ANGERS_012";2
"CLERMONT FERRAND_206";1
"VALENCIENNES_019";1
"CLERMONT FERRAND_126";1
"LYON_213";2
"RENNES_081";1
"CLERMONT FERRAND_204";1
"CAEN_207";1
"MARSEILLE_082";2
"NICE_073";1
"NICE_055";1
"VALENCIENNES_028";1
"SAINT ETIENNE_037";1
"CAEN_130";1
"RENNES_072";1
"RENNES_042";1
"STRASBOURG_053";1
"ANGERS_021";1
"NANTES_116";2
"NANTES_203";1
"NANTES_215";1
"NANCY_165";1
"LYON_705";2
"BEZIERS_127";1
"LYON_606";1
"GRENOBLE_802";1
"RENNES_052";1
"LYON_604";1
"RENNES_022";1
"GRENOBLE_806";1
"LYON_520";2
"NANCY_148";1
"MONTPELLIER_066";1
"TOULOUSE_064";1
"LYON_201";2
"MARSEILLE_135";2
"MONTPELLIER_061";1
"CAEN_208";1
"RENNES_057";1
"NANCY_159";1
"STRASBOURG_006";2
"LYON_605";1
"LYON_704";1
"QUIMPER_027";1
"MONTPELLIER_078";1
"STRASBOURG_043";1
"LYON_601";1
"LYON_518";1
"NANTES_213";1
"CLERMONT FERRAND_114";2
"QUIMPER_001";1
"NICE_097";2
"NICE_082";1
"LYON_711";1
"STRASBOURG_008";2
"TOULOUSE_057";1
"NICE_101";1
"SAINT ETIENNE_026";2
"NICE_071";1
"GRENOBLE_306";2
"BEZIERS_129";2
"STRASBOURG_046";1
"VALENCIENNES_041";1
"NANCY_140";2
"BEZIERS_128";1
"LYON_522";2
"STRASBOURG_059";1
"BEZIERS_111";1
"ANGOULEME_017";1
"STRASBOURG_045";1
"RENNES_056";1
"LILLE_140";2
"BORDEAUX_023";2
"LYON_603";1
"CLERMONT FERRAND_210";2
"NANCY_168";1
"TOULOUSE_052";2
"GRENOBLE_803";1
"GRENOBLE_518";1
"RENNES_048";1
"NICE_045";2
"RENNES_068";1
"NICE_050";2
"CLERMONT FERRAND_214";1
"LYON_611";1
"BEZIERS_125";1
"NICE_102";1
"QUIMPER_010";1
"NANTES_053";2
"NANTES_216";1
"LILLE_127";2
"VALENCIENNES_034";1
"BORDEAUX_060";2
"TOULOUSE_048";2
"NANCY_150";1
"QUIMPER_005";1
"GRENOBLE_201";1
"RENNES_027";1
"NANTES_232";1
"VALENCIENNES_013";2
"NANTES_123";1
"NANTES_231";1
"LYON_406";2
"RENNES_055";1
"ANGOULEME_016";1
"CLERMONT FERRAND_222";1
"ANGERS_019";1
"NANCY_158";1
"LYON_508";1
"MARSEILLE_068";2
"LYON_514";1
"LA ROCHELLE_011";2
"STRASBOURG_005";1
"CLERMONT FERRAND_111";2
"LILLE_134";1
"NICE_041";2
"ANGOULEME_018";1
"BORDEAUX_069";2
"ANGERS_017";2
"LILLE_138";2
"LYON_613";1
"CAEN_127";1
"LYON_710";1
"GRENOBLE_515";1
"STRASBOURG_068";1
"RENNES_036";1
"GRENOBLE_304";2
"LILLE_141";2
"CLERMONT FERRAND_130";1
"LYON_212";2
"BORDEAUX_068";2
"MARSEILLE_081";1
"VALENCIENNES_011";2
"TOULOUSE_040";2
"QUIMPER_029";1
"STRASBOURG_048";1
"LYON_404";2
"MARSEILLE_065";1
"ANGERS_018";1
"TOULOUSE_053";2
"TOULOUSE_031";2
"VALENCIENNES_027";2
"LILLE_121";2
"MARSEILLE_097";2
"CLERMONT FERRAND_124";1
"LYON_608";1
"RENNES_021";2
"NANTES_049";2
"GRENOBLE_202";1
"LYON_308";1
"RENNES_058";1
"NANTES_223";1
"NICE_056";2
"TOULOUSE_063";1
"RENNES_033";1
"GRENOBLE_140";2
"LYON_243";2
"CLERMONT FERRAND_121";1
"SAINT ETIENNE_047";1
"LYON_614";2
"NANTES_226";1
"NANCY_162";1
"SAINT ETIENNE_051";1
"CLERMONT FERRAND_212";1
"CAEN_206";1
"CLERMONT FERRAND_122";1
"RENNES_070";1
"NICE_053";1
"BEZIERS_122";1
"STRASBOURG_065";1
"RENNES_050";1
"MARSEILLE_054";2
"LYON_607";1
"LYON_521";2
"NICE_043";1
"CLERMONT FERRAND_125";1
"RENNES_051";1
"LYON_227";2
"RENNES_060";1
"STRASBOURG_047";1
"CAEN_128";2
"LILLE_131";2
"BEZIERS_130";1
"BORDEAUX_063";2
"NICE_052";2
"GRENOBLE_804";1
"GRENOBLE_301";1
"CAEN_231";2
"RENNES_028";1
"MARSEILLE_130";1
"STRASBOURG_009";2
"LA ROCHELLE_016";2
"CLERMONT FERRAND_116";2
"LYON_618";1
"STRASBOURG_064";1
"CAEN_203";1
"NANTES_033";2
"BORDEAUX_057";2
"QUIMPER_006";2
"LYON_220";2
"MARSEILLE_096";2
"LYON_512";2
"MARSEILLE_102";1
"NANTES_207";1
"MONTPELLIER_077";1
"NICE_054";1
"NANTES_227";1
"NICE_074";2
"NICE_042";2
"SAINT ETIENNE_046";1
"LYON_617";1
"NANTES_132";2
"CLERMONT FERRAND_216";1
"STRASBOURG_013";2
"RENNES_041";2
"SAINT ETIENNE_045";1
"GRENOBLE_135";2
"TOULOUSE_050";2
"MARSEILLE_107";1
"NANCY_146";1
"SAINT ETIENNE_035";1
"RENNES_043";1
"LYON_218";2
"SAINT ETIENNE_017";2
"NANCY_133";1
"MARSEILLE_106";1
"SAINT ETIENNE_033";1
"TOULOUSE_042";2
"BORDEAUX_047";1
"CLERMONT FERRAND_113";2
"STRASBOURG_060";1
"SAINT ETIENNE_052";1
"QUIMPER_025";1
"NANTES_130";2
"VALENCIENNES_020";1
"NICE_040";2
"NANCY_155";1
"STRASBOURG_042";1
"NANCY_149";1
"LYON_257";2
"STRASBOURG_049";1
"LYON_612";1
"CLERMONT FERRAND_203";1
"QUIMPER_026";1
"RENNES_054";2
"BORDEAUX_074";2
"NANCY_161";1
"GRENOBLE_314";1
"MARSEILLE_098";1
"MARSEILLE_062";2
"CLERMONT FERRAND_209";1
"NANTES_122";2
"NICE_075";2
"SAINT ETIENNE_048";1
"MARSEILLE_137";1
"LYON_519";1
"GRENOBLE_203";1
"BORDEAUX_062";2
"SAINT ETIENNE_024";2
"MARSEILLE_103";1
"BEZIERS_115";2
"GRENOBLE_508";2
"BORDEAUX_078";2
"RENNES_031";2
"MONTPELLIER_052";1
"GRENOBLE_134";2
"RENNES_066";1
"BEZIERS_116";1
"NICE_039";2
"ANGERS_028";1
"CLERMONT FERRAND_217";2
"NANTES_224";1
"MONTPELLIER_062";1
"RENNES_075";1
"LYON_609";1
"QUIMPER_020";1
"NANTES_041";2
"NANTES_209";1
"STRASBOURG_003";1
"TOULOUSE_066";1
"SAINT ETIENNE_027";2
"LYON_502";2
"NANTES_105";2
"LYON_223";2
"MARSEILLE_126";2
"NANTES_217";2
"BORDEAUX_046";1
"BEZIERS_109";1
"ALBI_009";1
"NANTES_212";1
"ANGERS_027";1
"ANGOULEME_014";2
"QUIMPER_019";1
"MARSEILLE_105";1
"TOULOUSE_059";1
"VALENCIENNES_040";2
"LYON_503";2
"SAINT ETIENNE_029";1
"CAEN_229";1
"NANCY_128";2
"NANTES_134";1
"NICE_070";1
"VALENCIENNES_029";2
"NANCY_129";2
"MARSEILLE_086";2
"NANTES_131";2
"GRENOBLE_311";1
"RENNES_045";1
"ALBI_014";1
"GRENOBLE_123";2
"NICE_036";2
"LYON_303";1
"NANCY_114";2
"VALENCIENNES_026";2
"GRENOBLE_119";2
"ANGERS_023";1
"LYON_207";2
"SAINT ETIENNE_040";1
"CLERMONT FERRAND_129";1
"TOULOUSE_035";2
"MARSEILLE_117";1
"NANCY_153";1
"SAINT ETIENNE_019";1
"BEZIERS_110";1
"QUIMPER_004";2
"BEZIERS_124";1
"TOULOUSE_046";2
"SAINT ETIENNE_016";2
"NANTES_044";2
"MARSEILLE_055";2
"NANTES_045";2
"NANTES_103";2
"GRENOBLE_142";2
"NANTES_221";1
"LILLE_117";2
"STRASBOURG_051";2
"MONTPELLIER_048";1
"SAINT ETIENNE_041";1
"MARSEILLE_047";2
"CLERMONT FERRAND_207";1
"RENNES_029";1
"SAINT ETIENNE_038";1
"MONTPELLIER_054";1
"NANTES_229";1
"TOULOUSE_062";1
"TOULOUSE_044";2
"GRENOBLE_309";1
"ANGERS_022";1
"NANTES_225";1
"CLERMONT FERRAND_118";2
"RENNES_063";2
"NANCY_127";2
"BEZIERS_126";1
"LYON_708";1
"NANTES_206";1
"QUIMPER_022";2
"GRENOBLE_116";2
"MARSEILLE_128";1
"GRENOBLE_506";2
"MARSEILLE_048";1
"QUIMPER_028";1
"CLERMONT FERRAND_201";1
"GRENOBLE_401";1
"BEZIERS_118";2
"LYON_224";2
"MONTPELLIER_067";1
"NICE_044";2
"LYON_219";2
"RENNES_047";2
"TOULOUSE_039";2
"TOULOUSE_049";2
"NICE_078";2
"NANCY_156";2
"NANCY_119";2
"TOULOUSE_034";2
"VALENCIENNES_035";2
"BORDEAUX_072";2
"ANGERS_014";1
"BORDEAUX_038";2
"CLERMONT FERRAND_224";1
"GRENOBLE_403";1
"NANTES_230";1
"ANGERS_026";2
"RENNES_067";1
"MARSEILLE_131";1
"NANTES_121";2
"MARSEILLE_109";1
"TOULOUSE_061";1
"GRENOBLE_402";1
"LYON_216";2
"LYON_706";2
"MARSEILLE_053";2
"BEZIERS_121";1
"BORDEAUX_052";1
"MONTPELLIER_032";1
"NANTES_133";2
"MARSEILLE_045";2
"NICE_051";2
"QUIMPER_007";2
"LYON_516";1
"LYON_251";2
"LYON_615";2
"BORDEAUX_064";2
"CAEN_123";2
"NANTES_051";2
"MONTPELLIER_068";1
"GRENOBLE_204";2
"NANTES_219";1
"NANTES_037";2
"VALENCIENNES_030";2
"CAEN_129";2
"LILLE_156";2
"GRENOBLE_509";2
"GRENOBLE_517";1
"LYON_709";1
"CLERMONT FERRAND_112";2
"MARSEILLE_120";2
"VALENCIENNES_010";2
"MARSEILLE_110";2
"STRASBOURG_007";1
"LYON_246";2
"NANCY_142";1
"TOULOUSE_056";2
"NICE_063";2
"ANGERS_013";2
"VALENCIENNES_039";2
"NANTES_135";1
"STRASBOURG_010";2
"NANCY_136";2
"LA ROCHELLE_012";2
"NICE_091";2
"RENNES_032";2
"LILLE_129";2
"NANTES_034";2
"NANCY_132";1
"LYON_256";2
"NANTES_127";1
"RENNES_059";1
"LYON_405";1
"GRENOBLE_302";2
"LILLE_135";2
"NANTES_125";1
"MARSEILLE_066";2
"CLERMONT FERRAND_131";1
"GRENOBLE_505";2
"BORDEAUX_080";2
"BORDEAUX_058";2
"CAEN_226";2
"MONTPELLIER_046";2
"BORDEAUX_041";2
"NANTES_039";2
"CAEN_134";2
"GRENOBLE_504";2
"LYON_255";1
"GRENOBLE_137";2
"ANGERS_016";2
"VALENCIENNES_014";2
"MARSEILLE_064";1
"CLERMONT FERRAND_109";2
"NANTES_218";1
"GRENOBLE_310";1
"LA ROCHELLE_015";2
"MONTPELLIER_053";1
"NANTES_128";1
"MARSEILLE_059";2
"LILLE_130";2
"MARSEILLE_056";2
"GRENOBLE_602";2
"GRENOBLE_507";2
"LYON_222";2
"BEZIERS_113";1
"NANCY_143";1
"ANGERS_025";1
"LYON_221";2
"GRENOBLE_303";2
"CLERMONT FERRAND_211";1
"NICE_104";2
"VALENCIENNES_012";2
"LYON_228";2
"QUIMPER_023";1
"TOULOUSE_045";1
"ANGOULEME_009";2
"CAEN_132";1
"NANTES_110";2
"NANTES_200";1
"STRASBOURG_041";1
"STRASBOURG_044";1
"GRENOBLE_313";1
"NANTES_136";1
"NICE_103";1
"LILLE_137";2
"RENNES_044";1
"LYON_231";2
"ANGERS_024";1
"NANTES_129";1
"ANGOULEME_012";2
"TOULOUSE_047";2
"VALENCIENNES_006";2
"BORDEAUX_083";2
"NANTES_204";1
"NANCY_135";1
"GRENOBLE_118";2
"LYON_225";2
"LYON_210";2
"MARSEILLE_052";2
"NANTES_109";1
"LYON_215";2
"GRENOBLE_308";1
"SAINT ETIENNE_018";2
"MONTPELLIER_041";2
"BORDEAUX_042";2
"MONTPELLIER_040";2
"NANTES_108";1
"BEZIERS_112";1
"GRENOBLE_511";1
"RENNES_035";1
"LYON_306";1
"MONTPELLIER_058";2
"VALENCIENNES_025";2
"CLERMONT FERRAND_117";2
"LYON_602";1
"MARSEILLE_072";2
"SAINT ETIENNE_028";2
"MARSEILLE_057";2
"NICE_047";2
"CAEN_126";2
"GRENOBLE_307";1
"MARSEILLE_118";2
"NANTES_220";1
"MARSEILLE_104";1
"CAEN_131";1
"CLERMONT FERRAND_223";2
"MONTPELLIER_049";1
"LILLE_155";2
"TOULOUSE_065";1
"MARSEILLE_108";2
"LILLE_118";2
"MARSEILLE_078";2
"RENNES_030";2
"MONTPELLIER_063";1
"ALBI_013";2
"MONTPELLIER_057";2
"RENNES_023";1
"SAINT ETIENNE_049";1
"MARSEILLE_101";2
"MONTPELLIER_069";1
"ANGOULEME_007";2
"NANCY_134";1
"VALENCIENNES_038";1
"GRENOBLE_133";2
"LYON_137";2
"MARSEILLE_099";2
"MONTPELLIER_044";1
"NANTES_022";2
"NANTES_111";2
"NANCY_137";2
"MARSEILLE_080";1
"MONTPELLIER_056";2
"BORDEAUX_066";2
"SAINT ETIENNE_050";1
"NANCY_138";2
"NICE_092";2
"SAINT ETIENNE_042";1
"LYON_244";2
"MARSEILLE_070";2
"MARSEILLE_111";2
"ALBI_011";2
"RENNES_034";1
"NANCY_125";2
"MARSEILLE_075";2
"MONTPELLIER_050";1
"NANTES_120";2
"MARSEILLE_121";2
"STRASBOURG_038";2
"TOULOUSE_051";2
"SAINT ETIENNE_014";2
"TOULOUSE_030";2
"RENNES_026";1
"NANCY_131";2
"SAINT ETIENNE_032";1
"NICE_090";2
"MARSEILLE_127";2
"GRENOBLE_512";2
"QUIMPER_018";2
"MONTPELLIER_055";1
"CLERMONT FERRAND_215";1
"NICE_077";2
"LYON_237";1
"MARSEILLE_123";2
"GRENOBLE_312";1
"LYON_238";2
"RENNES_064";2
"GRENOBLE_139";2
"SAINT ETIENNE_013";2
"MARSEILLE_100";2
"NANCY_141";1
"MONTPELLIER_051";2
"MONTPELLIER_075";2
"NANTES_124";1
"NANTES_050";1
"ANGOULEME_015";1
"NANTES_043";2
"CLERMONT FERRAND_132";1
"NANCY_152";2
"RENNES_024";2
"CAEN_125";2
"CLERMONT FERRAND_110";2
"BORDEAUX_026";2
"NANCY_151";2
"LYON_248";2
"TOULOUSE_038";2
"MARSEILLE_116";2
"BORDEAUX_039";2
"LYON_616";2
"MARSEILLE_129";1
"NICE_058";2
"LILLE_136";2
"NANTES_228";2
"MONTPELLIER_042";2
"NICE_060";2
"ANGERS_015";2
"MARSEILLE_060";2
"LYON_245";2
"NANTES_210";2
"MARSEILLE_067";2
"VALENCIENNES_033";2
"BORDEAUX_035";2
"ALBI_015";2
"MARSEILLE_083";2
"LA ROCHELLE_019";2
"BEZIERS_120";1
"MONTPELLIER_043";2
"NANCY_115";2
"NICE_086";2
"GRENOBLE_305";1
"NANTES_107";2
"MARSEILLE_069";2
"BORDEAUX_079";2
"LYON_234";2
"MARSEILLE_113";2
"QUIMPER_024";2
"QUIMPER_003";2
"BEZIERS_114";1
"RENNES_037";2
"LILLE_128";2
"LYON_209";2
"LYON_236";2
"LYON_214";2
"LILLE_122";2
"VALENCIENNES_009";2
"LA ROCHELLE_018";2
"LYON_254";2
"GRENOBLE_513";2
"MARSEILLE_063";2
"QUIMPER_030";2
"MARSEILLE_077";2
"MARSEILLE_046";2
"RENNES_025";2
"LYON_509";2
"QUIMPER_009";2
"BORDEAUX_059";2
"NICE_094";2
"BORDEAUX_077";2
"BORDEAUX_081";2
"BORDEAUX_082";2
"BORDEAUX_044";2
"ANGOULEME_011";2
"BORDEAUX_050";2
"BORDEAUX_037";2
"ANGOULEME_008";2
"ANGOULEME_010";2
"LA ROCHELLE_013";2
"ALBI_012";2
"MONTPELLIER_060";2
"BEZIERS_123";2
"MONTPELLIER_065";1
"TOULOUSE_036";2
"MONTPELLIER_045";2
"TOULOUSE_033";2
"MONTPELLIER_037";2
"MONTPELLIER_071";2
"MONTPELLIER_036";2
"TOULOUSE_054";2
"MONTPELLIER_038";2
"MONTPELLIER_035";2
"MONTPELLIER_029";2
"MONTPELLIER_076";2
"MONTPELLIER_033";2
"TOULOUSE_032";2
"MONTPELLIER_047";2
"MONTPELLIER_039";2
"SAINT ETIENNE_020";2
"SAINT ETIENNE_025";2
"SAINT ETIENNE_044";1
"LYON_402";2
"GRENOBLE_514";2
"CLERMONT FERRAND_128";1
"GRENOBLE_902";1
"SAINT ETIENNE_030";1
"GRENOBLE_122";2
"SAINT ETIENNE_039";1
"SAINT ETIENNE_031";1
"SAINT ETIENNE_015";2
"GRENOBLE_143";1
"CLERMONT FERRAND_119";1
"LYON_250";2
"GRENOBLE_131";2
"CLERMONT FERRAND_220";2
"LYON_247";2
"SAINT ETIENNE_034";2
"CLERMONT FERRAND_115";1
"GRENOBLE_516";2
"GRENOBLE_519";1
"LYON_712";1
"LYON_241";2
"GRENOBLE_120";2
"GRENOBLE_141";2
"LYON_305";1
"LYON_302";1
"LYON_217";2
"CLERMONT FERRAND_218";2
"CLERMONT FERRAND_221";2
"NANCY_117";2
"NANCY_157";2
"NANCY_130";2
"STRASBOURG_050";2
"NANCY_124";2
"NANCY_121";2
"NANCY_163";2
"STRASBOURG_023";2
"STRASBOURG_021";2
"NANCY_126";2
"NANCY_123";2
"STRASBOURG_011";2
"STRASBOURG_014";2
"STRASBOURG_056";2
"STRASBOURG_062";2
"VALENCIENNES_032";2
"VALENCIENNES_021";2
"LILLE_116";2
"VALENCIENNES_037";2
"LILLE_152";2
"LILLE_157";2
"VALENCIENNES_008";2
"LILLE_145";2
"LILLE_139";2
"VALENCIENNES_024";2
"LILLE_147";2
"VALENCIENNES_036";2
"LILLE_120";2
"VALENCIENNES_016";2
"VALENCIENNES_018";2
"LILLE_123";2
"CAEN_119";2
"CAEN_223";2
"CAEN_122";2
"CAEN_133";2
"CAEN_219";2
"NANTES_047";2
"MARSEILLE_074";2
"MARSEILLE_049";2
"MARSEILLE_051";2
"MARSEILLE_133";2
"MARSEILLE_024";3
"MARSEILLE_034";3
"MARSEILLE_015";3
"NANTES_112";2
"NANTES_113";2
"NANTES_114";2
"NANTES_115";2
"NANTES_117";2
"NANTES_118";2
"NANTES_119";2
"LYON_202";2
"LYON_203";2
"LYON_204";2
"LYON_126";3
"LYON_127";3
"NICE_096";2
"NICE_098";2
"NICE_099";2
"NICE_100";2
"BORDEAUX_022";2
"NANTES_028";2
"NANTES_029";2
"NANTES_035";2
"LYON_211";2
"MARSEILLE_009";3
"MARSEILLE_010";3
"LYON_226";2
"BORDEAUX_056";2
"BORDEAUX_075";2
"LYON_501";2
"NANTES_104";2
"LYON_106";3
"LYON_107";3
"MARSEILLE_028";3
"MARSEILLE_017";3
"MARSEILLE_037";3
"MARSEILLE_038";3
"MARSEILLE_094";2
"MARSEILLE_085";2
"MARSEILLE_084";2
"MARSEILLE_087";2
"MARSEILLE_088";2
"MARSEILLE_089";2
"MARSEILLE_090";2
"MARSEILLE_091";2
"MARSEILLE_093";2
"MARSEILLE_092";2
"MARSEILLE_095";2
"GRENOBLE_124";2
"GRENOBLE_125";2
"GRENOBLE_126";2
"NICE_037";2
"NICE_038";2
"GRENOBLE_121";2
"LYON_205";2
"LYON_206";2
"LYON_208";2
"NANTES_024";2
"NANTES_032";2
"NANTES_046";2
"NICE_001";3
"NICE_002";3
"NICE_003";3
"NICE_004";3
"NICE_005";3
"NICE_006";3
"NICE_007";3
"NICE_008";3
"NICE_009";3
"NICE_010";3
"NICE_011";3
"NICE_012";3
"NICE_013";3
"NICE_014";3
"NICE_015";3
"NICE_016";3
"NICE_017";3
"NICE_018";3
"NICE_019";3
"NICE_020";3
"NICE_021";3
"NICE_022";3
"NICE_023";3
"NICE_024";3
"NICE_025";3
"NICE_026";3
"NICE_027";3
"NICE_028";3
"NICE_029";3
"NICE_030";3
"NICE_031";3
"NICE_032";3
"NICE_033";3
"NICE_034";3
"NICE_035";3
"QUIMPER_021";2
"MARSEILLE_018";3
"MARSEILLE_019";3
"MARSEILLE_011";3
"BEZIERS_117";2
"BEZIERS_119";2
"NICE_079";2
"NANCY_120";2
"MARSEILLE_032";3
"MARSEILLE_040";3
"MARSEILLE_044";3
"BORDEAUX_073";2
"MARSEILLE_007";3
"MARSEILLE_004";3
"MARSEILLE_005";3
"MARSEILLE_008";3
"MARSEILLE_001";3
"MARSEILLE_006";3
"NANTES_036";2
"LYON_101";3
"LYON_102";3
"LYON_103";3
"NICE_061";2
"NICE_062";2
"NICE_064";2
"NICE_065";2
"NICE_066";2
"NICE_067";2
"NICE_068";2
"MONTPELLIER_031";1
"ANGERS_001";3
"ANGERS_002";3
"ANGERS_003";3
"ANGERS_004";3
"ANGERS_005";3
"ANGERS_006";3
"ANGERS_007";3
"ANGERS_008";3
"ANGERS_009";3
"ANGERS_010";3
"ANGERS_011";3
"NANTES_025";2
"NANTES_026";2
"NANTES_027";2
"BORDEAUX_055";2
"BORDEAUX_024";2
"BORDEAUX_040";2
"GRENOBLE_501";2
"GRENOBLE_502";2
"GRENOBLE_503";2
"MARSEILLE_058";2
"NANTES_038";2
"LYON_119";3
"LYON_120";3
"LYON_121";3
"LYON_133";3
"LYON_134";3
"LYON_135";3
"LYON_230";2
"LYON_232";2
"VALENCIENNES_007";2
"MARSEILLE_029";3
"MARSEILLE_030";3
"MARSEILLE_043";3
"MARSEILLE_020";3
"MARSEILLE_036";3
"MARSEILLE_027";3
"MARSEILLE_016";3
"MARSEILLE_026";3
"NICE_046";2
"NICE_048";2
"NICE_049";2
"MARSEILLE_012";3
"MARSEILLE_119";2
"LYON_118";3
"LYON_129";3
"LYON_130";3
"LYON_131";3
"LYON_132";3
"LYON_104";3
"LYON_105";3
"GRENOBLE_115";2
"LYON_136";2
"LYON_138";2
"LYON_139";2
"LYON_140";2
"LYON_141";2
"LYON_142";2
"LYON_143";2
"LYON_144";2
"LYON_145";2
"LYON_146";2
"NANTES_021";2
"NANTES_001";3
"NANTES_002";3
"NANTES_003";3
"NANTES_004";3
"NANTES_005";3
"NANTES_006";3
"NANTES_007";3
"NANTES_008";3
"NANTES_009";3
"NANTES_010";3
"NANTES_011";3
"NANTES_012";3
"NANTES_013";3
"NANTES_014";3
"NANTES_015";3
"NANTES_016";3
"NANTES_017";3
"NANTES_018";3
"NANTES_019";3
"NANTES_020";3
"NANTES_023";3
"NANTES_030";3
"NANTES_031";3
"MARSEILLE_013";3
"ALBI_010";2
"MARSEILLE_122";2
"LYON_229";2
"MARSEILLE_125";2
"MARSEILLE_124";2
"RENNES_065";2
"QUIMPER_011";3
"QUIMPER_012";3
"QUIMPER_013";3
"QUIMPER_014";3
"QUIMPER_015";3
"QUIMPER_016";3
"MONTPELLIER_073";2
"MONTPELLIER_074";2
"NANTES_042";2
"MARSEILLE_042";3
"MARSEILLE_035";3
"MARSEILLE_025";3
"MARSEILLE_041";3
"CAEN_124";2
"BORDEAUX_025";2
"TOULOUSE_037";2
"MARSEILLE_115";2
"MARSEILLE_114";2
"LYON_116";3
"LYON_117";3
"LYON_122";3
"LYON_123";3
"LYON_124";3
"LYON_125";3
"LYON_128";3
"MARSEILLE_003";3
"MARSEILLE_002";3
"MARSEILLE_023";3
"MARSEILLE_014";3
"NICE_059";2
"MARSEILLE_061";2
"BORDEAUX_030";2
"MARSEILLE_039";3
"MARSEILLE_021";3
"MARSEILLE_031";3
"MARSEILLE_022";3
"NICE_084";2
"NICE_085";2
"NICE_087";2
"NICE_088";2
"NICE_089";2
"NANTES_106";2
"LYON_233";2
"LYON_235";2
"NANTES_052";2
"MARSEILLE_033";3
"MARSEILLE_076";2
"GRENOBLE_117";2
"BORDEAUX_054";2
"NICE_093";2
"NICE_095";2
"RENNES_001";3
"RENNES_002";3
"RENNES_003";3
"RENNES_004";3
"RENNES_005";3
"RENNES_006";3
"RENNES_007";3
"RENNES_008";3
"RENNES_009";3
"RENNES_010";3
"RENNES_011";3
"RENNES_012";3
"CLERMONT FERRAND_101";3
"CLERMONT FERRAND_102";3
"CLERMONT FERRAND_103";3
"CLERMONT FERRAND_104";3
"CLERMONT FERRAND_105";3
"CLERMONT FERRAND_106";3
"CLERMONT FERRAND_107";3
"CLERMONT FERRAND_108";3
"BORDEAUX_028";2
"BORDEAUX_031";2
"BORDEAUX_036";2
"BORDEAUX_076";2
"BORDEAUX_001";3
"BORDEAUX_002";3
"BORDEAUX_003";3
"BORDEAUX_004";3
"BORDEAUX_005";3
"BORDEAUX_006";3
"BORDEAUX_007";3
"BORDEAUX_008";3
"BORDEAUX_009";3
"BORDEAUX_010";3
"BORDEAUX_011";3
"BORDEAUX_012";3
"BORDEAUX_013";3
"BORDEAUX_014";3
"BORDEAUX_015";3
"BORDEAUX_016";3
"BORDEAUX_019";3
"BORDEAUX_020";3
"BORDEAUX_021";3
"BORDEAUX_027";3
"BORDEAUX_070";3
"BORDEAUX_071";3
"LA ROCHELLE_001";3
"LA ROCHELLE_002";3
"LA ROCHELLE_003";3
"LA ROCHELLE_004";3
"LA ROCHELLE_005";3
"LA ROCHELLE_006";3
"LA ROCHELLE_007";3
"LA ROCHELLE_008";3
"LA ROCHELLE_009";3
"LA ROCHELLE_010";3
"MONTPELLIER_001";3
"MONTPELLIER_002";3
"MONTPELLIER_003";3
"MONTPELLIER_004";3
"MONTPELLIER_005";3
"MONTPELLIER_006";3
"MONTPELLIER_007";3
"MONTPELLIER_008";3
"MONTPELLIER_009";3
"MONTPELLIER_010";3
"MONTPELLIER_011";3
"MONTPELLIER_012";3
"MONTPELLIER_013";3
"MONTPELLIER_014";3
"MONTPELLIER_015";3
"MONTPELLIER_016";3
"MONTPELLIER_017";3
"MONTPELLIER_018";3
"MONTPELLIER_019";3
"MONTPELLIER_020";3
"MONTPELLIER_021";3
"MONTPELLIER_022";3
"MONTPELLIER_023";3
"MONTPELLIER_024";3
"MONTPELLIER_025";3
"MONTPELLIER_026";3
"MONTPELLIER_027";3
"MONTPELLIER_028";3
"ANGOULEME_006";3
"ANGOULEME_005";3
"ANGOULEME_003";3
"ANGOULEME_002";3
"ANGOULEME_001";3
"BORDEAUX_049";2
"BORDEAUX_029";2
"BORDEAUX_033";2
"BORDEAUX_034";2
"MONTPELLIER_059";2
"ALBI_001";3
"ALBI_002";3
"ALBI_003";3
"ALBI_004";3
"ALBI_005";3
"ALBI_006";3
"ALBI_007";3
"ALBI_008";3
"TOULOUSE_001";3
"TOULOUSE_002";3
"TOULOUSE_003";3
"TOULOUSE_004";3
"TOULOUSE_005";3
"TOULOUSE_006";3
"TOULOUSE_007";3
"TOULOUSE_008";3
"TOULOUSE_009";3
"TOULOUSE_010";3
"TOULOUSE_011";3
"TOULOUSE_012";3
"TOULOUSE_013";3
"TOULOUSE_014";3
"TOULOUSE_015";3
"TOULOUSE_016";3
"TOULOUSE_017";3
"TOULOUSE_018";3
"TOULOUSE_019";3
"TOULOUSE_020";3
"TOULOUSE_021";3
"TOULOUSE_022";3
"TOULOUSE_023";3
"TOULOUSE_024";3
"TOULOUSE_025";3
"TOULOUSE_026";3
"TOULOUSE_027";3
"TOULOUSE_028";3
"TOULOUSE_029";3
"MONTPELLIER_072";2
"MONTPELLIER_030";2
"MONTPELLIER_034";2
"BEZIERS_101";3
"BEZIERS_102";3
"BEZIERS_103";3
"BEZIERS_104";3
"BEZIERS_105";3
"BEZIERS_106";3
"BEZIERS_107";3
"BEZIERS_108";3
"SAINT ETIENNE_021";2
"SAINT ETIENNE_022";2
"SAINT ETIENNE_023";2
"LYON_401";2
"LYON_403";2
"SAINT ETIENNE_001";3
"SAINT ETIENNE_002";3
"SAINT ETIENNE_003";3
"SAINT ETIENNE_004";3
"SAINT ETIENNE_005";3
"SAINT ETIENNE_006";3
"SAINT ETIENNE_007";3
"SAINT ETIENNE_008";3
"SAINT ETIENNE_009";3
"SAINT ETIENNE_010";3
"SAINT ETIENNE_011";3
"SAINT ETIENNE_012";3
"GRENOBLE_138";2
"LYON_249";2
"GRENOBLE_128";2
"GRENOBLE_129";2
"GRENOBLE_130";2
"GRENOBLE_132";2
"CLERMONT FERRAND_219";2
"LYON_108";3
"LYON_109";3
"LYON_110";3
"LYON_111";3
"LYON_112";3
"LYON_113";3
"LYON_114";3
"LYON_115";3
"LYON_239";2
"LYON_240";2
"LYON_242";2
"GRENOBLE_136";2
"GRENOBLE_101";3
"GRENOBLE_102";3
"GRENOBLE_103";3
"GRENOBLE_104";3
"GRENOBLE_105";3
"GRENOBLE_106";3
"GRENOBLE_107";3
"GRENOBLE_108";3
"GRENOBLE_109";3
"GRENOBLE_110";3
"GRENOBLE_111";3
"GRENOBLE_112";3
"GRENOBLE_113";3
"GRENOBLE_114";3
"LYON_301";1
"NANCY_116";2
"NANCY_118";2
"STRASBOURG_015";3
"STRASBOURG_016";3
"STRASBOURG_017";3
"STRASBOURG_018";3
"STRASBOURG_022";3
"STRASBOURG_024";3
"STRASBOURG_025";3
"STRASBOURG_026";3
"STRASBOURG_027";3
"STRASBOURG_028";3
"STRASBOURG_029";3
"STRASBOURG_030";3
"STRASBOURG_031";3
"STRASBOURG_032";3
"STRASBOURG_033";3
"STRASBOURG_034";3
"STRASBOURG_035";3
"STRASBOURG_036";3
"STRASBOURG_037";3
"STRASBOURG_039";3
"NANCY_164";2
"NANCY_101";3
"NANCY_102";3
"NANCY_103";3
"NANCY_104";3
"NANCY_105";3
"NANCY_106";3
"NANCY_107";3
"NANCY_108";3
"NANCY_109";3
"NANCY_110";3
"NANCY_111";3
"NANCY_112";3
"NANCY_113";3
"STRASBOURG_019";2
"STRASBOURG_020";2
"NANCY_122";2
"STRASBOURG_012";2
"VALENCIENNES_031";2
"VALENCIENNES_022";2
"VALENCIENNES_023";2
"LILLE_115";2
"LILLE_153";2
"LILLE_142";2
"LILLE_143";2
"LILLE_144";2
"LILLE_146";2
"CAEN_108";3
"CAEN_109";3
"CAEN_101";3
"CAEN_117";3
"CAEN_116";3
"CAEN_105";3
"CAEN_106";3
"CAEN_113";3
"CAEN_114";3
"CAEN_111";3
"CAEN_104";3
"CAEN_102";3
"CAEN_112";3
"CAEN_107";3
"CAEN_115";3
"CAEN_110";3
"CAEN_103";3
"LILLE_148";2
"LILLE_149";2
"LILLE_150";2
"LILLE_151";2
"LILLE_101";3
"LILLE_102";3
"LILLE_103";3
"LILLE_104";3
"LILLE_105";3
"LILLE_106";3
"LILLE_107";3
"LILLE_108";3
"LILLE_109";3
"LILLE_110";3
"LILLE_111";3
"LILLE_112";3
"LILLE_113";3
"LILLE_114";3
"LILLE_119";2
"VALENCIENNES_001";3
"VALENCIENNES_002";3
"VALENCIENNES_003";3
"VALENCIENNES_004";3
"VALENCIENNES_005";3
"VALENCIENNES_015";2
"LILLE_124";2
"LILLE_125";2
"CAEN_118";2
"CAEN_121";2
"CAEN_120";2
